<core:FragmentDefinition xmlns="sap.m" xmlns:core="sap.ui.core" xmlns:mvc="sap.ui.core.mvc">
	<ResponsivePopover  contentWidth="240px" contentHeight="455px" title="Select Filters" class="sapUiPopupWithPadding topcss"
		placement="Left">
		<content>
			<VBox class="sapUiTinyMarginBegin sapUiMediumMarginTop">
				<Label text="Start Date:" class="textcolorbatch"></Label>
			</VBox>
			<VBox>
				<DatePicker id="SD" width="83%" placeholder="Enter Date" change="handleChange" minDate="{logTraceModel>/fromminDate}"
					maxDate="{logTraceModel>/frommaxDate}" class="combocss"/>
			</VBox>
			<VBox class="sapUiTinyMarginBegin sapUiSmallMarginTop">
				<Label text="End Date:" class="textcolorbatch"></Label>
			</VBox>
			<VBox>
				<DatePicker id="ED" width="83%"  placeholder="Enter Date" change="handleChange1" minDate="{logTraceModel>/TominDate}"
					maxDate="{logTraceModel>/TomaxDate}" class="combocss"/>
			</VBox>
		</content>
		<beginButton>
			<Button text="Cancel" class="buttonFragC sapUiTinyMarginBottom" press="handleCloseButton"/>
		</beginButton>
		<endButton>
			<Button text="Apply" class="buttonFragA sapUiTinyMarginBottom" press="handleApplyButton"/>
		</endButton>
	</ResponsivePopover>
</core:FragmentDefinition>