<core:FragmentDefinition xmlns="sap.m" xmlns:core="sap.ui.core" xmlns:mvc="sap.ui.core.mvc">
	<ResponsivePopover contentWidth="240px" contentHeight="455px" title="Select Filters" class="sapUiPopupWithPadding topcss" placement="Left">
		<content>
			<ComboBox id= "idcomT" selectedKey="Day" items="{memoryUtilization>/workProcesstype}" placeholder="select" selectionChange="officeComboChange"
				change="onchangeT" class="combocss">
				<items class="listcss">
					<core:ListItem key="{memoryUtilization>key}" text="{memoryUtilization>text}" class="listcss1"/>
				</items>
			</ComboBox>
		</content>
		<beginButton>
			<Button text="Cancel" class="buttonFragC sapUiTinyMarginBottom" press="handleCloseButtonT"/>
		</beginButton>
		<endButton>
			<Button text="Apply" class="buttonFragA sapUiTinyMarginBottom" press="handleApplyButtonT"/>
		</endButton>
	</ResponsivePopover>
</core:FragmentDefinition>