<core:FragmentDefinition xmlns:html="http://www.w3.org/1999/xhtml" xmlns:f="sap.f" xmlns:u="sap.ui.unified" xmlns:core="sap.ui.core"
	xmlns="sap.m" xmlns:l="sap.ui.layout" xmlns:form="sap.ui.layout.form" xmlns:mvc="sap.ui.core.mvc" xmlns:upload="sap.m.upload">
	<Dialog state="Success" class="toolheight" contentHeight="70px" contentWidth="130px" afterOpen="onAfterPreviewOpen"
		afterClose="onAfterPreviewclose">
		<customHeader>
			<Toolbar>
				<ToolbarSpacer/>
				<Button class="declinecss" icon="sap-icon://decline" press="onpressapproveClose"/>
			</Toolbar>
		</customHeader>
		<form:SimpleForm editable="true">
			<VBox>
				<Label class="formtextconfirm" text="{MonthEndTableModel>/odata/tokenNum} is Open"/>
			</VBox>
		</form:SimpleForm>
	</Dialog>
</core:FragmentDefinition>