<core:FragmentDefinition xmlns="sap.m" xmlns:l="sap.ui.layout" xmlns:f="sap.ui.layout.form" xmlns:core="sap.ui.core">
	<Dialog class="sapUiSizeCompact" afterClose="onPresswithoutMaterial" contentWidth="160px" contentHeight="250px" title="Select Company Code">
		<content>
			<Table growing="true" selectionChange="onSelectList" sticky="ColumnHeaders" mode="SingleSelect" inset="false"
				items="{MonthEndUpdate>/CompCodeSet}">
				<columns>
					<Column hAlign="Center">
						<Text text="Company Code"/>
					</Column>
					<Column hAlign="Center">
						<Text text="Description"/>
					</Column>
				</columns>
				<items>
					<ColumnListItem>
						<cells>
							<Text text="{MonthEndUpdate>CompanyCode}"/>
							<Text text="{MonthEndUpdate>Desc}"/>
						</cells>
					</ColumnListItem>
				</items>
			</Table>
		</content>
		<endButton>
			<Button type="Reject" text="Cancel" press="onPresswithoutMaterial"/>
		</endButton>
	</Dialog>
</core:FragmentDefinition>