<mvc:View xmlns:core="sap.ui.core" xmlns:mvc="sap.ui.core.mvc" xmlns="sap.m" xmlns:u="sap.ui.unified"
	controllerName="ey.irp.IRPModule.controller.systemChange" xmlns:html="http://www.w3.org/1999/xhtml" xmlns:ui="sap.ui.table"
	xmlns:custom="http://schemas.sap.com/sapui5/extension/sap.ui.core.CustomData/1">
	<Page title="Monitoring Dashboard/System Change" showNavButton="true" class="page2BgImg textcolor1 navbuttoncss"
		navButtonPress="onPressSysChangePorcess">
		<IconTabBar class="sapUiResponsiveContentPadding iconss barcss">
			<items>
				<IconTabFilter class="textpendinglc" text="Application">
					<HBox class="hboxcss" justifyContent="End">
						<VBox class="sapUiTinyMarginBegin">
							<Button id="idButton3" class="abapcss buttonhover4 buttonwidth" visible="true" text="Software Component" press="onPress3"></Button>
						</VBox>
						<VBox class="sapUiTinyMarginBegin">
							<Button id="idButton4" class="abapcss buttonhover4" visible="true" text="Namespace" press="onPress4"></Button>
						</VBox>
					</HBox>
					<SplitApp id="SplitAppDemo" initialDetail="detail" initialMaster="master" class="splitappcss">
						<detailPages>
							<Page id="detail" title="Overview" backgroundDesign="Solid" class="sapUiStdPage detailcss" showHeader="false">
								<HBox>
									<VBox class="mutableclassApp sapUiTinyMarginTop" visible="true" id="idVbox3">
										<Table growing="true" sticky="ColumnHeaders" class="mutableclassHD" inset="false" items="{path:'sysCompModel>/0/d/results'}">
											<columns>
												<Column width="6rem">
													<Text text="System" class="tableheadercss"/>
												</Column>
												<Column width="9rem">
													<Text text="Host" class="tableheadercss"/>
												</Column>
												<Column width="10rem">
													<Text text="Software Component" class="tableheadercss"/>
												</Column>
												<Column width="6rem">
													<Text text="Modifiable" class="tableheadercss"/>
												</Column>
												<Column width="11rem">
													<Text text="Tech Name" class="tableheadercss"/>
												</Column>
											</columns>
											<items>
												<ColumnListItem>
													<cells>
														<Text text="{sysCompModel>Sysid}" class="tablecellscss" wrapping="true"/>
														<Text text="{sysCompModel>Host}" class="tablecellscss" wrapping="true"/>
														<Text text="{sysCompModel>SoftwareComponent}" class="tablecellscss sapUiSmallMarginBegin" wrapping="true"/>
														<Text text="{sysCompModel>Modifiable}" class="tablecellscss" wrapping="true"/>
														<Text text="{sysCompModel>TechName}" class="tablecellscss" wrapping="true"/>
													</cells>
												</ColumnListItem>
											</items>
										</Table>
									</VBox>
									<VBox class="sapUiTinyMarginTop" visible="false" width="100%" id="idVbox4">
										<Table growing="true" sticky="ColumnHeaders" class="mutableclassHD" inset="false" items="{path:'sysNameModel>/0/d/results'}">
											<columns>
												<Column width="6rem">
													<Text text="System" class="tableheadercss"/>
												</Column>
												<Column width="9rem">
													<Text text="Host" class="tableheadercss"/>
												</Column>
												<Column width="9rem">
													<Text text="Namespace" class="tableheadercss"/>
												</Column>
												<Column width="6rem">
													<Text text="Prefix" class="tableheadercss"/>
												</Column>
												<Column width="9rem">
													<Text text="Modifiable" class="tableheadercss"/>
												</Column>
												<Column width="8rem">
													<Text text="TechID" class="tableheadercss"/>
												</Column>
											</columns>
											<items>
												<ColumnListItem>
													<cells>
														<Text text="{sysNameModel>Sysid}" class="tablecellscss" wrapping="true"/>
														<Text text="{sysNameModel>Host}" class="tablecellscss" wrapping="true"/>
														<Text text="{sysNameModel>Namespace}" class="tablecellscss" wrapping="true"/>
														<Text text="{sysNameModel>Prefix}" class="tablecellscss" wrapping="true"/>
														<Text text="{sysNameModel>Modifiable}" class="tablecellscss" wrapping="true"/>
														<Text text="{sysNameModel>TechID}" class="tablecellscss" wrapping="true"/>
													</cells>
												</ColumnListItem>
											</items>
										</Table>
									</VBox>
								</HBox>
							</Page>
							<Page id="detailDetail" title="Overview" class="sapUiStdPage detailcss" backgroundDesign="Solid" showHeader="false">
								<VBox class="sapUiSmallMargin">
									<Label text="System2 Details"/>
								</VBox>
							</Page>
						</detailPages>
						<masterPages>
							<Page id="master2" title="Systems" backgroundDesign="List" class="sapUiStdPage mastercss">
							
								<List mode="SingleSelectMaster" id="listID" items="{sysListModel>/APPSystems/data}" itemPress=".onListItemPress" class="s4dcss">
									<items>
										<StandardListItem title="{sysListModel>sysId}" type="Active" custom:to="detail1"/>
									</items>
								</List>
							</Page>
						</masterPages>
					</SplitApp>
				</IconTabFilter>
			</items>
		</IconTabBar>
	</Page>
</mvc:View>